<?xml version="1.0" encoding="UTF-8"?>
<project-private xmlns="http://www.netbeans.org/ns/project-private/1">
    <editor-bookmarks xmlns="http://www.netbeans.org/ns/editor-bookmarks/2" lastBookmarkId="0"/>
    <open-files xmlns="http://www.netbeans.org/ns/projectui-open-files/2">
        <group>
            <file>file:/C:/Users/ASUS/Desktop/ATM/ATM/src/atm/menuUser.java</file>
            <file>file:/C:/Users/ASUS/Desktop/ATM/ATM/src/atm/reportAdmin.java</file>
            <file>file:/C:/Users/ASUS/Desktop/ATM/ATM/src/atm/ATM.java</file>
            <file>file:/C:/Users/ASUS/Desktop/ATM/ATM/src/atm/menuAdmin.java</file>
        </group>
    </open-files>
</project-private>
